,neuralnet,lr,batch_size,weight_decay,train_epoch_loss,train_epoch_acc,val_epoch_loss,val_epoch_acc,true_negatives,true_positives,false_negatives,false_positives,num_negatives,num_positives
0,AlexNet,7.5e-06,16,0.0005,0.6870226498573057,0.6064516129032258,0.6933655858039856,0.5,1.0,0.0,0.0,1.0,20,20
1,AlexNet,7.5e-06,16,0.0005,0.6792996925692405,0.6129032258064516,0.6876001477241516,0.5,1.0,0.0,0.0,1.0,20,20
2,AlexNet,7.5e-06,16,0.0005,0.6633643727148733,0.6129032258064516,0.6665189266204834,0.65,1.0,0.3,0.0,0.7,20,20
3,AlexNet,7.5e-06,16,0.0005,0.6422168224088607,0.6838709677419355,0.6200893521308899,0.75,1.0,0.5,0.0,0.5,20,20
4,AlexNet,7.5e-06,16,0.0005,0.6089725175211507,0.6774193548387096,0.5500843405723572,0.75,1.0,0.5,0.0,0.5,20,20
5,AlexNet,7.5e-06,16,0.0005,0.5230387114709424,0.8129032258064516,0.40965349674224855,0.95,0.95,0.95,0.05,0.05,20,20
6,AlexNet,7.5e-06,16,0.0005,0.3861133437002859,0.864516129032258,0.2461268573999405,0.975,0.95,1.0,0.05,0.0,20,20
7,AlexNet,7.5e-06,16,0.0005,0.2535228552356843,0.9032258064516129,0.10761821120977402,1.0,1.0,1.0,0.0,0.0,20,20
