,neuralnet,lr,batch_size,weight_decay,train_epoch_loss,train_epoch_acc,val_epoch_loss,val_epoch_acc
0,AlexNet,3.0000000000000004e-05,48,0.0015,6.649002935947516,0.35384615384615387,6.523693370819092,0.5
1,AlexNet,3.0000000000000004e-05,48,0.0015,4.409907208956205,0.441025641025641,2.3493843555450438,0.6
2,AlexNet,3.0000000000000004e-05,48,0.0015,0.7595855795420133,0.6256410256410256,0.6219670891761779,0.7
