,neuralnet,lr,batch_size,weight_decay,train_epoch_loss,train_epoch_acc,val_epoch_loss,val_epoch_acc
0,AlexNet,3.0000000000000004e-05,48,0.0015,6.6667818778600445,0.4512820512820513,71.57609326839447,5.0
1,AlexNet,3.0000000000000004e-05,48,0.0015,4.526288234270536,0.6358974358974359,46.89479795694351,6.7
2,AlexNet,3.0000000000000004e-05,48,0.0015,0.7689203188969539,0.6307692307692307,8.103364443778991,6.9
